Property_id,rent
4394,430.13928424746626
2338,630.3452175133557
8531,768.761048594147
8952,392.9498923294439
11064,299.49436656265584
10336,761.4023986050515
12954,875.4313224559083
219,407.8060532358962
1599,564.9881709357251
7572,408.4510296001621
170,1060.905321103493
6658,340.4914922271521
3616,254.55463598026526
7772,301.4358373725494
1214,524.172235614218
8197,414.5526223743019
9892,304.57195284666557
1635,1046.5272425786302
7403,1048.2368625984227
4468,282.2561381232951
13081,510.5016250872809
13917,314.11232785928377
4049,2253.648652674532
2145,307.5724142977134
2125,772.0427185984214
1580,551.0190489550018
3828,827.993414574733
10858,465.7395408826665
2999,698.0698805586101
3834,824.4344822324477
11267,393.6577494236871
11904,616.3979171642801
5514,790.081966966119
8697,213.93033570574948
3466,549.076255319351
8217,902.6456760151748
4230,299.83282810155595
10598,256.62031990970166
2920,469.3411256157125
328,441.5328655701124
10668,847.0816534809592
2911,403.7350501379223
5039,565.9076919162113
7590,373.7315190088672
5757,412.00501965743706
9697,449.26745544842885
3859,1059.3192347946756
11365,679.4019879661602
1984,443.04024652285443
6033,605.8984460265774
10816,192.49341100617312
11981,725.9759339880978
7883,385.78816023490987
6166,408.0610239810981
7769,332.35623436620864
8087,296.5781721016642
5504,367.86215881359504
11853,343.8451319922819
7768,217.08633305777732
9232,261.68664414057685
9695,617.2355307317879
7477,888.4164304713316
12232,584.0173197588908
6795,289.05058126075426
5624,433.89209238331944
3600,587.4252881947127
11199,394.40161507129693
3681,715.7870996138097
169,625.1930243246453
9531,734.2068581287707
1329,1006.123108536262
2237,203.385890168596
1079,616.6174295557823
8500,1366.5688576868263
456,640.5694570627562
8010,934.7778017637943
9407,313.57673256673945
9538,301.3128784939448
3015,357.3476279857809
2583,328.3380041539479
10125,395.2839428657853
11959,493.0714418187884
4878,696.9414486504727
10070,413.02104249795
7151,178.51251552596634
736,438.5594096473279
12765,774.6881719333035
3480,127.65132391467782
1800,719.0659240085407
3602,834.5944592650561
8279,947.6755569929138
12788,362.8012103187405
3572,505.60040092850187
2925,319.3421411367674
2620,810.7273408210775
1924,678.488457171355
12650,380.9376164360714
11699,638.7963543549414
4297,505.10494428953865
12435,309.95508328739186
4092,322.50416574912555
400,268.61913868006314
4801,453.33225010406437
11378,479.3952532842368
8328,1318.140051091702
7808,314.77267979718624
13578,434.4767112738821
13020,168.77201724192082
6346,714.510359383958
3014,392.49810920027943
8117,291.78775255802225
7525,403.10801637563435
13577,228.66264991834973
11472,286.4540217384524
9461,404.4418646713156
11815,351.21748499908114
3345,602.8938067199157
12663,1110.8475008421724
13302,612.6114515521524
291,381.8674704538856
8240,834.9355714582755
13184,506.50319527059094
7310,313.45577295250945
2819,249.99428025968803
3406,304.4067473078981
3543,316.43753837989937
8359,413.40253709344233
1689,560.1431908515864
11850,258.7000788288476
11018,535.8227948047278
6426,300.4109163102757
8280,609.6456918535938
7568,428.44542410309293
8539,785.1908896192945
3032,429.11322907648565
3596,379.97208272959335
7597,1261.005896287826
5730,236.03497838676958
13214,231.9829435176755
609,376.0024854292987
7751,1372.6514745282118
12177,534.5699132134154
9623,358.8118940767977
13033,187.93164271553704
13331,384.1006670690673
6196,920.4950126569261
5480,1320.504163528222
1845,386.1255724137011
2770,595.5252075339375
8251,466.1182284317268
10862,417.1068278892614
1744,629.1579416932979
9367,647.2397422567224
6089,1089.1909978427557
3618,401.9916718641258
10180,475.02566685259626
11445,736.5581332806169
13836,198.69823921483223
4100,591.0751604758754
8744,467.71953654677935
2068,386.9137859288408
13015,654.7208642042918
13960,228.53444182448231
13336,454.7096595596282
8456,1107.7684526027342
1966,424.2572036421645
10748,315.97314452424143
11370,398.17224977168956
9658,1122.0859122763097
8694,296.015351462084
12832,712.3814693099872
10698,1167.6977514679195
13473,701.2284689679557
2994,462.09641894987914
4169,436.3047195149567
10428,151.35410125944745
7920,401.05579417283934
12383,322.6835875462023
5072,506.44327692203734
10872,732.2257230297514
4463,477.8308529116213
5652,515.916333680525
12837,480.7397725118965
12713,572.8367718850799
10292,294.7367844828109
11431,472.8431199846853
1963,453.82055627124697
1770,216.06581906812772
11403,771.9799164698694
3996,430.6583869454313
7925,419.4714392812775
10045,1079.7562166266816
1958,436.16121527365266
4818,319.7373455865197
11355,210.20924861819637
6076,726.6504199011617
8075,886.8932531936753
8871,1164.4373308887648
4266,248.85713682349433
13205,721.3664460616258
12256,278.5021156207212
3647,606.0913915993232
11286,569.9378545759896
7454,263.7565265038703
10121,538.9189741048476
12063,724.7435943960656
8939,369.4021117584206
8643,345.93212167466316
733,401.21363071513935
796,382.4463881481317
1594,628.627838693828
7429,823.6491492622638
9090,281.1560180800974
11220,316.53126726896187
5835,466.84152541651366
10035,626.6715283581653
411,244.18675236465302
2120,471.2708037991009
10640,694.6605322848866
6097,883.137092639273
1922,507.45577357188654
2141,345.9533332096045
3856,633.8977767007829
9726,323.5150723974753
12157,366.33150254773943
8927,460.31323156772834
1490,969.72846012698
9026,344.4041655174628
11508,556.544211245491
7766,444.68546742506265
6866,615.1366613829588
8487,357.39889817152846
5251,1007.1679102155317
3692,880.2610474050693
6552,611.0713319986285
904,1018.7595048402867
12219,369.8570230752546
488,359.67523241824557
4163,454.8098715879239
14011,424.44675854477964
12246,306.7668454000334
8911,600.3107890044923
903,272.13003496293084
2013,1036.2606972535423
4191,310.02040438511773
4862,269.669738822212
5229,399.91284505807596
6105,439.6251620791551
10445,677.0880701155523
15,637.4638204529427
3593,1030.3879155451611
7029,230.89829750741245
13066,1119.744212139593
10751,404.4858592388749
10466,424.2572036421645
7074,667.5603876199924
10672,341.48567492651847
9108,255.29763224247938
7915,565.9076919162113
13147,349.30914798552055
3223,576.9392525180509
13807,664.6585558390046
12173,258.9699813662368
6585,398.11938250666924
1517,1059.3462503308451
4521,392.9498923294439
3208,414.3569061752552
2457,299.9478306174097
1359,1136.471861419705
7439,1186.6875149304863
8792,315.23690708985635
7229,682.5142875714415
12797,751.6251266081447
6456,1021.9768552948113
8077,140.94278516714127
2035,256.9445372066671
9523,461.8154967183996
1347,382.8111640455177
287,412.907810439372
9591,1008.0445058143271
3523,649.0416704157135
3209,472.5156527415547
8424,793.10325819868
8463,164.2278919043375
3479,658.9945340947243
1108,778.0575117399566
3705,251.1457644232545
2361,701.5431343489968
4994,1053.2798730634624
10307,284.48888369724625
2311,477.1627322451417
10194,348.8873432625472
7692,552.9989733967202
5764,349.8859675689099
1748,667.0010129614744
2632,541.8401198761715
7110,454.7743176965849
9882,452.6415288162426
2693,1203.4586215976815
5640,266.5753833153986
13432,227.88304743455674
10257,424.6509769753929
10033,368.7873628591742
1581,526.6934301002776
9024,405.3835151587027
1663,604.743729609702
9764,939.4091371617748
7641,1276.1119735404736
8622,1120.018506708335
4906,330.8837579270878
354,922.31376954847
6303,1373.3388286115928
5999,1099.2062677835809
10158,307.201260287935
2958,673.8492341126265
3653,841.5824613924987
1796,348.5261887900109
12426,419.5578756279342
1607,516.2979944098298
2715,581.0868207865392
10401,325.34111426592045
2590,384.73636200274865
3380,373.46495083747845
9192,345.7124627712267
1990,221.91445831428777
11233,274.07653742793786
13631,873.8452325110043
8566,822.5752716656159
14058,644.7786547329713
12277,774.4309523817333
2110,390.80547842884613
4166,507.81410571428825
6553,448.8709611332127
4190,328.7972211586194
10711,411.0748042554801
1419,405.21791317820777
174,544.6181224970479
7609,419.0172695238082
1784,1410.4861916281666
9775,1052.9319728302146
7475,214.10057202499513
3679,600.8737269482333
7638,358.2440979014591
6576,1254.5861008049671
4510,434.4994886677503
10141,677.9617454436333
10236,536.0479942548903
100,485.0227085480663
7489,518.8766575672506
1698,423.93099901021696
6957,238.47986651107763
3777,597.0531046159722
6974,354.6286126488329
12804,381.5163330113442
1723,1661.5152485276265
4503,451.07148535466877
8305,483.5307428591586
837,699.2163180228657
12656,380.5904249762669
8028,287.0317879582219
10547,292.2976676297308
6715,612.9428261927729
4046,1189.0859203683676
1062,338.3656095159812
7628,553.405325689099
7497,912.5327201182882
13167,806.4574580299335
5728,354.9891390198131
8743,828.8037812481957
11170,907.0860379084247
7502,454.088331464714
11062,956.4800768121296
5207,677.1015766536847
9839,231.80886989225945
10889,372.04610565608385
3419,1086.6026430580562
795,373.7501916412189
1535,373.4913464820938
1040,767.3598633432963
5002,601.8909271643251
10696,423.6632487086073
11125,818.9576037700002
8421,621.1265386890474
1618,552.399279405396
6400,355.5529790683781
8483,404.7384681332985
9163,889.4652224445198
5036,531.2735789232031
8673,441.96058929899823
9229,252.97306803004102
5445,177.17295989979758
6910,1051.404884488535
281,1110.5918774782022
1115,298.53344547785815
773,345.26540321434413
709,451.7172846380805
13288,1047.7702364655995
10826,231.73588920867334
7317,755.0640400249861
12448,378.31373411981326
9162,429.8399462772962
11877,168.51671975152425
3704,299.53542989356316
10435,371.1511950528597
2875,384.6252203693523
5427,407.192710323601
7823,487.5822958978372
7158,500.1176728878468
3446,251.1457644232545
12483,396.4349670107671
12967,620.2468173190603
978,425.3225335851873
4401,225.383172859866
32,785.1908896192945
5340,379.09899224718635
1576,430.07934911847735
340,381.94996457291893
8779,587.4017040855223
11735,283.4657683483029
4368,315.6458027543809
6747,969.3422268678769
2086,356.07988975061534
11243,376.3798406191332
7554,1155.906860768576
6299,375.24725707752805
2496,1400.9886484726296
3956,405.8114300765636
3939,326.9932017986951
11014,184.72803677051843
9631,330.2310775815331
3515,289.02768838735875
3342,595.1234461277006
469,1623.9281166635599
12488,226.4070509550769
4465,1244.7928946780814
11219,429.2153046319787
4342,362.2626453245224
7982,300.31012361189977
6302,523.8627327878097
2975,421.24895045228004
103,965.5996640740434
2202,259.11909614021783
3781,433.15449318233215
6462,825.7226949807954
2460,528.2118332656008
5217,354.9547334590442
3920,780.4322023135289
5372,278.3312369254767
8288,524.888104353456
11709,393.11293752421284
2440,176.10877471001098
9103,658.7441679703074
8467,1187.6078304258235
10494,232.13120857607313
6070,243.71583015464347
8766,403.24088105319504
5748,818.5740682949552
9244,359.28143485160933
8630,309.60382088853885
14047,404.5533986512718
8508,554.1135080546265
7259,892.401913951223
12605,345.945270051981
9945,547.7100918063421
9380,991.8931579667594
6202,1298.1463373321424
3786,991.8305929809826
5660,353.7093975281085
9465,549.886449473717
12190,329.81339915944244
3026,676.96317344995
5913,938.1634924823624
10260,1505.378216914396
4639,437.37411934597
9728,480.5770636826098
5141,944.7782994152433
11319,482.26555613145246
8551,1730.2190482109208
5080,584.6911628501132
625,507.0949731764096
7137,495.4112687756193
5923,694.4128546731731
7255,302.21778277368077
12729,189.35744471169818
11108,1163.2471997490948
9460,406.0038541147614
10535,419.49607577442
6373,383.01981745334234
11851,322.05670503176367
10586,1147.3122379933893
6344,528.7338952188412
10145,969.3422268678769
1769,260.4477966203956
6903,773.8043563364537
361,1216.4886309902668
4605,470.94594125434674
13937,228.7715834202238
10086,308.1392512733533
182,134.5621768299628
3025,324.5958431128926
8560,843.603039335064
748,835.8729247617965
2535,283.92601538562906
7969,906.0214239047671
4964,517.0348100471336
3822,614.7579539220806
4044,770.4931016480292
4353,1146.4642725569572
3951,473.8728477120384
4065,697.472718724576
12610,372.8629574460756
1890,224.40738553180137
4402,251.40540642294613
12208,683.2820366067408
2929,517.5417903334611
1112,323.2072012650211
6490,829.6866358446645
5847,518.5572518148131
6193,393.6577494236871
1563,451.0101920190873
7145,1302.4465657755131
12933,425.9112551638672
11962,693.8412495992337
11555,277.70313349147597
12285,518.4747506128414
11515,508.71335364168914
10702,1053.0002111976082
285,386.8763158738993
11725,976.0083354898693
13061,467.75941737152
11201,335.99969817069893
2502,305.0856370160113
12251,422.7032172405807
1262,318.7092798560558
6235,1336.918504585525
10058,514.817906963152
9774,1123.227790552476
7059,846.6663262616659
5965,365.7397471093947
10779,1147.2801889237571
3300,633.6937470393877
1715,419.3675100234696
4751,394.36670602764093
9417,836.8890854770349
13150,417.2076689133516
10079,1193.1104613809557
5174,282.0004098801104
12856,892.8213804857121
10664,745.5643022296684
8109,226.67592913723718
11056,738.8155067675555
11180,244.88862847074031
3144,228.73916654722302
5921,391.7665535258508
7277,259.0710952077867
8247,480.73330584416107
11942,444.9669163746407
12160,306.63528668870714
3001,422.0328924139086
10018,304.6954760995197
9820,424.7327726486448
13525,266.86572040138634
2118,437.11480138164535
2484,255.29295216320446
2910,930.8977042643851
5033,994.1413549500553
9258,354.7206614936584
11002,458.41531030325905
1494,564.6267441625178
2326,331.82167441139455
7865,626.5837807355681
2082,406.07919551591067
12487,672.4222834354869
3892,1270.5942383249187
7513,400.9015634530982
7384,554.1594203311512
9397,511.09763208258653
12295,244.27088964616658
7860,555.7942372561365
7713,367.4577817565849
1531,336.33318024268044
13319,241.59769531003735
9640,1325.377332679938
4314,314.3547516300775
9582,495.9249632938098
10192,885.5309690920249
7646,333.52874957619287
10080,819.5091628289438
4694,320.5060968416209
2184,348.52579835722514
14020,715.4927771971318
8375,344.4990314669631
8654,258.37545897534653
7964,403.8615951930217
6148,635.5427007056586
9702,966.2108540735884
451,431.4526869345971
2936,531.6744868247046
12767,413.0842575033708
13158,550.3310877489441
9962,297.0377046531606
2520,329.56940580851847
13813,183.91195101895153
8746,1207.1995976191224
5063,732.125139345265
8118,310.9408657736445
1741,692.8798611095754
7031,210.9323791083551
2302,887.3223906045536
10666,425.73296540533926
2537,368.3861246434209
1612,935.1122745016446
9602,281.45672582818645
7904,456.962787563331
11648,598.0669832743807
5264,739.4988906797767
3942,1673.2788107864578
1476,1077.7405584680776
2453,196.81544043979804
178,383.80755395739266
11497,367.54843977194946
13095,964.5157184379815
13750,314.4429003464658
12754,1276.6656885356617
458,303.5641206336513
1011,436.8377826597145
6153,508.2632681870958
2479,459.80838062073855
3888,519.39782096775
12833,179.12153962754792
64,625.1930243246453
3283,332.492506632368
971,1067.0686966313372
6378,460.3067433210424
9037,863.1129703142467
9097,1033.8535381764295
13703,238.22380853939342
1248,473.0783638419766
6862,798.400593492161
8181,334.10969462139434
7230,1344.8710401303379
11184,451.5167877053031
2026,323.7941605319081
380,970.6720203353027
3317,316.3839041031599
8389,280.42324407856154
7799,380.5904249762669
10475,501.8237829112757
8238,924.3641954279241
4202,1129.9750284124373
1023,394.0676308715237
8656,304.2796194832288
7307,310.22875734565946
1721,484.4717616988085
6555,930.8180152061975
11789,356.38653721177064
5124,473.60271443529183
6843,623.4603228042574
7718,838.9655223750526
6419,1149.5175054296196
3571,349.5635579782789
10203,412.78499158591364
11287,353.2225890956442
12398,420.7056335022921
11865,292.3402613932044
9028,1210.834937240995
9,916.9072205764467
8728,228.30233212543683
5900,1367.0470617900132
4192,511.08295511483186
5007,161.25692998061345
10369,275.65669881674086
4983,810.8335316108864
7055,437.11480138164535
9312,303.4742729226452
6441,483.6171688580003
9533,235.91506538983836
11915,595.8526012794559
8184,284.2994033236108
7637,674.8684039329821
5863,986.96591057653
6626,696.8991759046966
9705,376.0465225478652
8795,388.38912064585213
1767,333.59793582065635
10359,976.5346951239558
7959,365.49156428290934
2821,228.09568886007781
2343,339.3233629760493
8558,564.6616859111693
10373,314.11232785928377
3644,393.11497925041243
7629,325.8607775309278
3185,395.93594711448407
3680,309.3909271545189
2747,183.14290893809556
4348,329.6888607651431
8409,1547.2945678765993
7232,1036.5038342701744
737,419.34424741964943
11312,460.48549881938266
7678,558.5403802189077
8731,311.61501758066925
3990,1008.4666131564114
11059,776.3210354353713
3352,704.5717758224939
2313,530.2976525783167
3852,714.618877379207
4960,508.71625831410415
9673,190.60556185462917
1054,996.296459629982
8170,465.85425813032515
10370,285.40857417548074
3070,1253.3747202344607
7301,410.1414209108331
8869,694.6605322848866
4430,577.0452413821566
3659,350.5383155572551
9021,176.17209739757524
9683,274.02965910045975
10994,1447.4114671345492
1035,320.9593207415268
6244,384.73636200274865
9416,264.84000602936436
8319,531.4438209571198
5838,480.487616642363
9186,356.5025501006265
12476,453.2977151537589
7309,401.1126237281187
10943,694.0997857902156
9717,480.5770636826098
5911,439.4892909815175
13037,557.9518475275918
10846,201.00035979162436
2705,295.0425202795392
12697,582.2907265127265
9242,482.8211439530067
2610,305.25441036790903
11587,478.6375025566389
8413,408.4349262465841
10639,893.7407564436045
6736,803.7744601134498
885,1051.6899461073945
2070,414.334243812552
2272,831.054456961321
10006,467.1397008751716
11988,408.1417077050443
7827,1063.913044059563
5041,450.06033616452356
11710,345.5121558621255
10504,1237.8629269572536
1965,348.23458394870113
10425,850.3441313167672
11893,1128.6576260313336
2020,703.9834203428219
6330,260.9618977122479
11352,625.017826475083
7073,362.29761389268276
5175,335.4946361986002
3997,709.4362220338913
9153,504.36016050157787
2228,352.5094989721956
587,545.3614781750487
9177,318.7092798560558
6500,334.9542787393975
5381,464.12766888350893
5291,398.02738966981786
9394,252.97306803004102
4016,310.79884868480787
10163,561.5880224441844
1740,339.4858832372274
4773,480.0608673960388
9564,356.34447521018
8519,908.7901816896701
7488,319.7373455865197
12234,345.8820697013534
7869,424.06588130246087
7794,380.5904249762669
9932,351.5197141994548
2268,569.7550622923335
9067,397.1684209580313
12461,341.0262479605847
7667,507.14301593354327
10710,440.5918356147126
2678,325.76310020947574
5573,457.4216002866165
10207,961.2677740221824
8909,551.084606207217
6724,263.2392862371237
1122,301.64950222038766
12085,396.3510337276484
928,490.41088454049935
11675,676.6196996706929
12362,425.21748501129866
4027,303.1945662228009
2955,870.5745117273602
812,405.50134833172075
1724,1166.6849001737867
11080,278.57217485590024
5460,289.2113631012067
48,800.8498833644336
9487,264.75516114487283
2407,379.95039231276456
12895,1062.2482364282275
10499,641.6897555470467
5934,522.5512410501243
4041,499.34402221727004
11713,637.1944021391926
11066,335.382393764497
2088,758.6730573282188
10655,358.73123868766993
1254,403.71521639505875
2271,437.2875459236545
7077,372.4586268553225
10726,390.84927647036824
5889,373.07713708521857
9250,429.8399462772962
9849,307.6739526623278
9944,694.6605322848866
5370,1242.646197881641
5380,1202.6021583345346
11359,591.7254596216056
386,564.5495617680239
4963,274.04986589704896
8628,468.6409122582233
6698,312.58654316229257
4030,505.18627211629166
3435,459.6923160025976
9279,429.8399462772962
3752,269.038515127768
10219,337.73158724683145
8574,337.926346303761
7146,325.0636018635868
6393,706.8613121511735
8127,312.9792671422676
1271,477.1627322451417
6952,599.6098240114619
8365,290.4922462264233
11342,1179.8634243895667
750,312.380632130254
10960,811.0420548290828
9510,154.31625915696472
13356,317.07131976031036
3207,452.0347165148375
3533,349.7886165432968
13948,254.342084815307
5708,483.6171688580003
12477,736.0164298862557
8105,200.86260447600435
8982,705.5192695895298
3805,322.25881752786705
11974,1059.1958522751981
10537,656.672772274371
4349,508.08022698679247
7682,327.8621439518499
9387,156.84691055983268
10638,1149.5175054296196
2767,732.125139345265
9171,332.45215404481917
11529,194.62273393098818
9187,364.91132838963716
5933,389.0006176511265
14002,590.0164596508033
1454,361.46798047563783
12995,615.9032723399757
3609,308.135481397353
1226,488.08269996914004
534,509.04285740200856
3112,332.8605367029066
13561,256.2607880387415
8742,773.9942856866021
9750,325.5804515259568
6129,1131.1934219742716
9483,311.93419861759617
9054,1018.8007179098877
8086,576.9642655167901
10112,336.5461783680432
10558,331.09055550568536
2215,577.0267742170361
4660,556.1112750161235
13980,599.4870391305233
1140,343.73514994452086
13659,336.85825605043567
8471,826.7068866568181
474,527.0655174194626
7665,507.148423517723
4075,278.03536598766203
543,887.5870774215557
7579,330.12573090813356
1087,384.63618258358764
10847,600.0264015182244
3222,515.4676641596227
8404,1105.9248214738432
4337,212.07684508832358
2665,644.4517503943096
7732,385.78816023490987
9612,622.2829967746596
8148,191.34528263905412
4113,306.30099810375435
8778,326.9932017986951
13524,329.7351380454549
1007,1007.3711451009214
12511,279.10145844440603
13952,278.38123493680087
8891,330.275961813946
1386,526.3408292338188
6533,324.5958431128926
4149,262.15333027404404
6804,754.67697577637
11210,871.9146069475183
8274,784.2582891370621
7825,1012.5679337924507
12267,630.0604551781853
13730,261.94610573922387
6351,717.9552008470748
11137,406.0038541147614
14066,869.9499018253388
7318,352.4088385515431
2190,220.10143527992312
13811,177.24749920582724
4247,657.7460335147604
12941,372.77364714104476
4516,1114.412538634848
8128,228.18435644842688
4606,204.34506045054155
3612,308.4453759154565
5982,980.9544773011307
1351,508.22263570695526
13487,376.2202427045818
13183,632.1907909253786
5529,1183.1577965925405
13920,241.01712825079355
10882,451.34443517036766
5689,399.780247052348
11470,268.7266381312367
11797,278.01118295376574
4507,224.11628057517314
1394,474.62476288092506
6741,318.45432708986385
389,1147.0141051130854
3657,481.3183340500853
8664,425.0769953753633
13620,825.4022115372254
8020,436.16121527365266
1936,520.7656680960691
4665,308.03801898331443
4456,756.1380113462199
3782,1157.2141077920448
6721,494.5769874294335
7820,307.3636907733171
305,315.2557819460719
8803,939.6929988358538
13746,1165.052088138337
12032,413.56682784374897
312,609.6175808964783
13334,412.478610273804
13748,384.82783408735423
2146,266.95135272258926
3234,593.5691529024764
358,346.20031828403154
606,314.4171916311642
13035,279.7872610203035
6139,424.06588130246087
13847,177.24749920582724
13936,298.33481967286036
477,233.26483386031538
9441,506.4296028566253
13868,640.3526588303996
4748,427.15016524485503
4339,505.58761287234466
14060,692.5050321702016
3502,1341.1173189307146
4897,758.1264400786079
6404,308.1743499373526
9555,468.8706196854507
7482,493.44609792522687
3998,557.5843063883469
10403,377.14266318840544
3945,497.8988015047618
8765,936.6679286249422
10039,354.29619654703566
3964,850.3687541326267
11807,880.9521747612064
9314,947.2401311064027
4920,993.2556762806063
5222,388.9377040873839
3194,479.6319338991746
7276,538.8788232778704
1745,838.0256215683717
1660,1105.6269593768652
12548,486.11075692322044
994,374.160518585287
6885,399.3935220714759
4642,268.5535757358624
11599,436.43143563462866
13563,371.4775132381545
6024,1375.812528483316
8516,612.0079626675515
7656,543.9120754777531
10128,899.1282032162243
11206,432.91939541681666
4105,392.9498923294439
8979,1285.3218368940938
7707,385.78816023490987
249,517.0348100471336
8179,671.4721719091156
13450,406.46101030683417
12846,233.434615380689
6238,387.3018120060266
697,583.2463944000513
4047,1469.065426727445
863,356.7940354737247
7268,451.338582436479
10828,860.5511687939127
2178,450.13989016744284
6177,170.0671935270347
7989,564.2993791441452
1431,351.44551250747895
1321,473.98518536433306
9330,331.8436415997255
2443,247.63787116454938
11069,838.9309669177485
13039,192.54455131937036
519,406.6283401321714
3878,924.8546883757075
71,1315.0467977992412
7069,1023.130348114842
10948,600.9462971020774
3624,481.1255979262606
6204,844.3638523305995
3434,427.13825410045536
12103,441.9396729283607
7262,554.0621330952597
4640,336.9641647871459
2663,298.4304615375468
7106,557.2049131793314
42,576.5577167139855
2656,937.9105207278928
2612,436.76219963129057
5804,589.667008007728
6088,424.0180961411336
5147,395.22481337555314
13272,458.1180165176672
1352,470.54508167885893
2040,226.69706587432958
5565,427.15016524485503
7677,980.4398717978323
5383,1069.2607370338899
2849,292.8899691717113
7208,451.29727554563914
1311,519.6940639316205
4107,269.038515127768
10623,1278.9408984383804
1483,1177.460277629359
1656,337.1083968717647
1945,725.9586142738985
13945,314.0394701401422
5884,496.56072552749885
13461,924.535416583187
5260,219.18232986170875
5126,875.2084091631009
11724,1366.4653114379805
12447,333.2266447328759
8969,261.0223310301634
1534,247.4822172888137
7626,481.1255979262606
11530,308.73690161276187
218,380.67633362497685
12371,263.2275539075459
3911,768.2516301255743
8798,1034.9899955530925
3527,672.6193135230805
2629,435.2558506362916
7043,320.4117852166491
3670,411.86242187638237
12326,182.2820904445281
2596,435.2558506362916
6827,376.0024854292987
901,463.5126110919873
185,487.5154026989868
3017,234.1585506586958
11221,508.51646737345607
11791,380.0805346532798
12139,744.7642378110071
9620,273.93484911921354
11455,639.4631508277605
593,561.2993930607564
5702,716.3618027380768
12123,226.84900215851778
3903,948.2014461733787
539,448.44841381404274
12584,600.9919975729447
9878,474.4400973879574
14042,368.44254350015495
11076,1023.8865932589513
11680,419.2609486907292
5554,410.1615890458121
5149,1007.3577894384721
3773,342.5207768908858
395,446.98221237897087
6840,1446.7397197315884
7008,423.2004440203514
8407,2189.1389979540354
9415,471.33008206626914
7661,277.606378347509
4338,1041.6093219772893
2158,464.03800139367183
5197,749.4433551586912
5668,1234.5243306600091
2426,1310.681013948618
9100,256.3219668228148
10008,350.68255224256
8757,663.1730297258262
5351,451.87951982105574
6217,230.26111599739147
13684,756.9784920771225
2352,729.2047890875604
13875,251.03687248043354
8486,961.1055418338713
13534,386.3870142589896
4619,806.2945499728006
4901,636.1228902240538
10285,286.5447700317611
466,848.1714797024445
10888,1831.3876610146267
114,381.94996457291893
4449,934.7156890929332
12948,941.9396835046607
4376,325.22633516639496
10246,746.3164337054977
10357,504.0796563244194
36,264.95382447169254
3661,461.76379968013083
12301,349.21065748162374
13157,640.4881811932181
4950,375.728001845773
8720,316.2040152554559
2324,155.06630456908184
2857,297.8357326581709
13106,1012.4827270740649
14017,1015.6086981695424
869,339.2239048757298
8758,272.03230692834495
2345,803.4584980048594
3943,774.5515531461624
9344,541.3793019830807
5461,450.4255703994412
7771,544.0393093956206
7984,280.5011437535675
6347,875.3922808005652
11733,390.1933093325014
2949,414.00611221594204
3064,1121.5384559337247
2055,318.6156570551026
9698,502.98113997867824
12011,242.496202091506
13128,764.4066163510086
13908,288.1143435028099
6970,642.8011853426592
1373,417.94773994959166
2022,252.46219508591028
2367,380.00948187159645
6486,388.5978458401215
11837,426.3377033450611
5971,326.40361418632835
13604,325.84460369676
12066,526.9888687124992
6511,326.4376011542717
9621,380.7799897786938
13592,481.1743150936052
11922,799.7632497059466
11931,621.9889823469897
11228,320.70027649935355
12156,1654.094085294784
10492,218.7182125010581
11860,289.0545201521482
5717,387.1413858942142
1624,511.73394009110734
10946,551.2988251761227
10331,406.0038541147614
7392,891.0068675566139
7368,264.15036189392396
10782,1295.2235448556348
1702,233.11644153402392
4873,521.8163013073537
7285,1147.3122379933893
2616,975.0921420799433
10910,432.9262990419325
6642,397.0044077613779
13782,365.3497970077881
1027,391.1326811588705
1684,408.4549721644175
9211,280.3983044072918
4707,386.2367837928625
10052,429.44378835906815
10602,414.24667204053316
9614,943.7021657556181
7673,722.7910962192511
8870,347.98214586562983
1003,814.6914031497953
9472,804.4319358581613
9231,657.643885292806
13096,391.1187519017948
11657,393.01802414952124
8411,1271.02763010416
1218,397.0044077613779
4036,1015.0166191727002
5647,1568.883896170183
8002,1136.5610992567306
3211,448.63072202377106
168,467.6077530230216
4058,1040.9486989126901
13442,239.94825848087544
7533,244.70376655760205
12252,370.4170775973434
8608,323.89717702041804
4696,412.1257691930172
6390,459.5943020335464
13777,580.7360933131912
4340,814.5194844113856
7796,258.75638197632156
2859,522.1184908801722
12119,361.6097929630427
8510,1098.6932828051295
6651,841.4144955018016
2532,960.0174021076989
9845,458.40913202597767
4863,1628.3210757349127
5404,241.6711504528459
3882,382.2228018965473
11282,207.1135890286654
3488,395.96884609004695
3387,291.4039394184689
3756,409.0775273631414
10262,939.8049762926122
2895,453.02209723744306
1200,1445.29087235471
11110,324.4655186749609
248,397.1930711446646
6128,386.12852894619846
4302,681.0643141331838
7900,287.1865352044282
5513,153.26254104001262
13881,423.6940855572223
512,1432.8026511415253
2877,414.9978813695417
8741,198.43557979063058
6180,1011.9003609207946
13269,310.89803389541197
13695,563.6877560385198
8910,616.4652854142399
1808,969.9235323163366
12661,449.33305784727577
10467,391.474334528598
4129,385.38309076517226
8224,475.03346289003343
6655,439.94559494309914
4852,459.70353973961926
11168,356.26095907647704
136,264.95382447169254
432,247.5272864739873
4099,318.27079833154465
3669,354.72670560019577
13843,436.79842539366695
13882,314.96291668084973
2799,442.2231832283203
9841,1185.1481153336088
4418,403.4790047049615
4966,397.51061748758275
8130,503.71180036500135
7592,547.7559228593077
4992,757.7696533630839
11256,399.65720226534893
6701,1785.4327443248796
5225,541.3793019830807
5768,572.713311164267
3577,244.27088964616658
3147,405.4369669020552
7203,413.9778830283566
9859,529.3820583142275
5285,536.6565915784504
8204,385.47093856443763
13049,403.2709880432529
5307,495.4112687756193
4094,256.3536181665837
5226,516.8297039111302
2456,546.4661139281818
13637,584.0058684452688
2860,1060.656613075168
1587,412.8111797963728
9105,621.863685836625
7943,265.1934663108285
6593,572.6058388878116
6483,396.39556815993427
12778,258.10417049890873
938,585.2599722487615
2597,325.815728149625
834,531.3640975810843
7022,1160.6318536406088
6399,383.8570524170784
9082,412.5788477914704
873,389.09413037294877
12437,449.22996671374597
5407,318.7092798560558
9402,734.3727263705412
1176,1091.2270012047063
10781,455.7506670533108
13000,425.0545894430698
4238,310.32046434617166
2677,1502.439446319662
5457,236.286752858265
6114,356.8477068832299
1084,425.57463777263075
11636,297.89191191418456
1685,382.94409332911897
11844,584.4826449304534
4794,1276.4188914573538
5932,777.4860863839876
412,295.9282301646322
1198,1045.08778766323
1484,1164.8115414534493
13276,320.6591157260271
7448,361.79439906252213
1369,788.410511376418
12196,224.98904030035098
7239,465.7675473313904
6631,550.6061043262745
721,477.1627322451417
6909,542.8357175499698
9144,694.9673221731709
1434,305.1961243103263
12253,1057.927524627746
9469,1500.308646553421
5791,392.25825274729607
4388,565.6475841721801
13017,605.5994475086336
2474,355.1700716299085
9856,1032.8714473089926
12665,456.3608037554122
9364,146.75258738135372
2702,158.08576755952407
300,317.3711620641722
8426,308.2200596109879
10615,297.34361383488215
7380,1434.0331162698217
4124,558.3347789444563
13825,1580.9898843312226
10346,305.5134265383371
12848,244.27088964616658
1399,396.8439554145781
12604,537.300438672007
3215,413.13674055948053
2418,284.78054301790473
5937,332.45223301343856
11409,262.3035427758268
6214,244.19285338565533
5382,282.1835132391836
13679,1112.2357425646062
4309,331.0517425039376
1374,161.25692998061345
5247,339.4858832372274
1191,353.2961183039445
6434,951.5016220580253
10657,765.4388614814134
120,420.1456192737914
4609,714.7011033416771
9691,869.74225103537
8078,165.94426128486015
5262,955.2307615951642
11806,547.5011971328537
11117,280.8869272126161
12859,325.49249350991664
10514,456.29680700429486
7600,722.5520259873595
9799,400.09957906365474
13153,745.8239361906112
658,509.07915984398375
124,1156.2786020865503
7965,1952.7215315797482
3335,369.96812725563916
9975,400.8998978695885
13294,618.4688198631342
13949,569.5204896051499
11571,510.4467517272995
11232,791.6054537788655
3450,674.4727785361828
10319,760.5492945403606
8026,285.6671609777332
1327,693.9404532179639
705,699.2730140245956
13505,200.69574185880188
9645,269.669738822212
11413,329.28057698968286
12322,291.7221675866051
7691,1105.4993245701796
10595,440.2816542818689
2168,1249.3125068762586
151,557.7941315312755
9725,990.4822979317777
8652,806.4950635954069
3979,408.4349262465841
7061,308.135481397353
8621,392.0733908396678
6823,432.3622917433782
6551,1339.775382501283
9895,233.5387499968451
4227,664.7363176022905
9114,257.1180198864337
12838,332.96009679959496
7325,413.50769662402246
12585,333.3701046021619
9393,353.35642037678724
4833,288.6840970938439
12241,1090.4450219674936
1731,1898.4243416317597
3835,560.1296119828161
5569,408.0721336236765
2513,405.4608013058913
9630,393.0648351895277
3308,300.1256481669949
10975,355.21807272164074
13054,263.7565265038703
1714,562.5628334273111
9316,523.9517093440791
2255,337.926346303761
8049,273.78019251140205
2100,326.9932017986951
3022,791.7500468268389
2123,663.4208234961038
11336,593.9498203480069
6742,290.1674346414832
4636,810.6573310454017
9280,302.18286504136296
13815,473.6086714867078
8845,402.69313935040174
34,916.9072205764467
4683,892.044041215484
13417,440.86982594518537
10389,455.9956804879992
3044,366.880394961096
4851,752.5867276950078
13071,1307.8142222254237
11967,207.10501731802213
4715,1097.6426441006329
13728,273.11698933056647
926,346.82107160289985
7894,487.3861111914091
5118,492.3754675781181
909,314.4171916311642
9563,392.9498923294439
8425,393.1906217541729
8012,500.69669247250494
12360,320.24853053804827
10448,354.3811431948934
7587,239.47385204682624
9682,916.4710170678545
8262,398.54418158432867
6926,610.9794482814523
9977,392.49810920027943
8065,416.1480497975445
2472,513.9872403598897
5997,340.4914922271521
765,442.5770220164532
3947,334.05994411604587
9894,241.96004387940698
1086,474.3653484919598
7802,376.9020717484316
12335,1525.5882876488056
7338,977.0073618129757
10965,513.5866685577471
10591,410.272392685975
979,327.92065382300854
10273,1112.7108441317846
11467,308.9433941573893
5845,631.8382144530834
2630,325.815728149625
51,1156.2786020865503
9146,409.2620390915058
7500,415.19510776778424
8881,321.102122167121
4537,828.336685092952
7200,301.6263210999226
9055,396.35670103955596
4330,341.1476282302497
8824,420.53308206567266
1409,378.87294496403524
4514,187.32453933166735
13539,255.26897921544304
9846,1060.8422810068148
10418,498.9167047603736
6516,333.6551545984697
2901,299.8734320933913
2216,308.2200596109879
3106,703.3972287408841
10833,342.27462183064574
10009,186.28336284083912
3438,508.71021846285623
6254,819.1302065897862
5961,728.3480647295829
5613,594.4395250726973
6978,382.1225544040974
8830,612.8558219332526
5897,391.1431848173501
4106,306.30099810375435
7582,274.85606877624025
1600,410.19748515485287
397,333.551905797284
6406,999.1536463040507
11466,323.9210361625224
5501,250.27494132953225
4396,459.04980696857035
12889,339.9515409265876
2639,670.6257365778746
11985,564.6317183047022
7319,445.7657477755593
13046,208.67200013700418
931,157.40695321238823
4739,442.63801232545444
8060,558.8011326823746
818,707.703362199157
435,1467.227868938539
2803,669.0396465233439
1036,694.6605322848866
6127,322.5381298267579
7874,647.5084762055362
6791,209.11373233725206
201,553.4230141991253
6959,369.07814865504827
7854,386.00731695298145
12164,606.0451633456912
12397,424.64905824345306
8601,1268.92152789481
252,322.12155422305125
612,486.803494304074
5712,382.41613462593875
1513,585.8651231486446
11917,1395.868547015176
9412,338.979477314911
6287,693.0816449277715
5319,1445.3483996951686
11216,1012.6119656446288
2627,760.45900461369
3449,274.7359901014964
3814,327.2983146631134
150,374.6344414881924
10173,333.72073390436816
3412,197.64324684622295
13676,241.04464538944887
8898,1279.515110900633
1749,371.5806032561672
2010,327.2983146631134
4112,878.5262911428348
8903,604.5181689663896
8835,391.14794094672374
1403,505.18627211629166
3560,388.5498562277395
8250,440.04307255049054
764,1239.3395760795772
1912,342.98147214214475
12144,532.9161516700087
7604,368.0497218376426
7559,413.1420352942141
4692,485.01331385009223
9553,535.0281938641153
4811,350.5556582826681
2233,1116.3053701211668
7765,285.9793513660755
4835,193.68655706140981
1651,552.399279405396
9404,393.65741176708
5715,419.6648476524124
4193,546.4370710649634
2096,411.7035220349049
6696,318.24412318761836
14104,380.59524837468723
9379,280.5435619930013
11690,678.7716569789037
12336,164.53543203831046
84,319.5574203674109
9707,505.99635253996223
4937,502.5911118200815
6195,440.1728673127737
8704,410.9298480691654
6537,205.17886452700463
12818,712.3814693099872
12473,1995.8536501503993
12906,340.7592954425268
4527,461.8840756393821
2885,302.2877927113007
3205,615.9631321578316
430,241.54183134993096
8938,585.784960015512
9941,669.1831680789492
7284,801.9452050093346
13666,744.7995616863293
4216,374.8473838926297
3509,244.17311658315666
3885,318.2446942525323
12467,987.9112434171387
3520,510.64267737365446
8846,440.2816542818689
9568,463.7704471354877
10932,244.11352095911553
294,651.7248609097353
2449,339.77820723107493
13375,363.6589228681612
10743,502.3126798558338
3195,1125.2003810106755
8817,1112.7082955458131
638,656.672772274371
3703,688.8920406235584
654,459.24172064308055
2761,822.6573961537432
7443,513.9349034255349
12035,901.5712378301594
5338,371.188988025209
14057,644.7786547329713
6428,1481.3824390438706
3116,441.9396729283607
13113,578.7028085969413
6012,668.9308061164284
7754,332.2921743963163
13502,407.12416073201024
1954,1388.6304217275388
12188,286.2635989971594
11155,406.8575045174231
480,633.2091365008806
3088,407.39255203464717
13410,937.0496481334567
7666,505.44170405074163
3579,613.1595977115406
104,742.2316168441895
14026,420.71311707322695
1158,315.5744748320997
5287,386.00956800210054
3564,1501.280219025689
1384,422.72586834992296
10929,1282.2969151148711
3448,239.57269855889353
4415,396.0908840514654
9246,339.7949353972527
12566,1064.6230091153773
9744,1130.381650242123
648,806.0168796449308
10719,609.2583279047093
13857,441.5741294117616
9713,290.25724270353993
8917,450.7495198581103
6308,411.97387141670845
1458,541.3478140420428
11028,508.2215334603905
10363,461.7500573704124
7882,385.78816023490987
7829,983.8407509240922
6951,843.8157046369587
12522,309.0525191735943
7464,432.3622917433782
5364,426.4987309335513
11456,607.1961555152324
5412,354.42977047990024
5362,1338.9064377719483
9222,239.03585428715203
11884,209.11373233725206
544,396.1095267890013
4097,332.6599500724742
6558,266.4169082849639
3887,186.468274471616
4784,1010.4585372933257
5108,371.188988025209
9545,464.07476604904724
13942,335.6725148148017
6851,464.6856082704791
5313,1348.2610426888082
11165,284.4575444223349
2134,841.5907937663345
10001,401.3827810431594
4421,1198.3103792910254
742,581.4783393443291
12427,330.448745369184
10863,400.94116864689596
16,804.8315059236699
9956,519.1072851428494
7855,551.1999628400818
5938,200.22849756156884
7594,754.2435882087797
9747,424.5237305858541
4650,412.80825769353595
11390,985.7742831836273
13931,228.7715834202238
2797,280.5011437535675
9339,314.7038417738353
3725,422.35881350191437
4641,795.6769987291043
9261,396.8439554145781
715,604.4002301174839
12034,387.46030146661053
9699,358.48662612163713
2526,701.5506786297403
5077,412.2317706789189
10611,325.15613992652715
3315,591.2144351576204
3373,540.8595834238336
10911,2067.3626601133556
2865,344.7637104354746
2488,339.4858832372274
4246,2195.28201890795
8963,1090.3197888058967
4451,630.8766294944921
840,1041.8675630390892
2699,368.949108073546
11896,499.465096480148
10185,1274.3532529779864
8737,456.23692584416796
4128,1101.9891688216749
6932,338.4790883347546
3699,306.5569004674181
2471,466.4396151855151
2772,336.8153967641355
7458,326.3517465081463
12142,242.8762241015284
745,253.35002814566187
9354,214.31060382433142
5515,1034.7928099637961
933,314.49109917835136
1143,395.96884609004695
11796,427.805890465633
6880,424.8341843075728
12265,1062.5200962582517
6888,292.8899691717113
2486,419.49607577442
7052,1180.3093790324322
6074,476.3300040786492
13716,240.3044065724704
8966,559.3394597657925
4150,501.977743281593
8511,644.4222694261002
8642,413.5842285489354
10131,444.5846348354999
4520,225.18741123523904
6282,1165.492575602393
13047,570.6479567034146
11575,867.8427393490532
531,448.1676184124912
9724,1098.4612158675254
5850,360.1596672083203
7601,722.5520259873595
9414,926.5800900883862
12688,898.5771939538689
7485,629.5009812492953
7182,398.56995973692847
9515,418.47156155004865
4973,202.1692453541595
9897,1060.3340972537076
5904,515.0373495414761
8370,264.94752386792726
5441,433.5876539528964
12455,734.7812783070308
6670,386.01026766799424
13835,239.71872860701126
7723,597.5942546314708
8061,318.13257178970156
2555,366.00520906064537
4116,504.4919775435871
1298,435.11342195315933
6459,520.6280617621708
13930,138.14083954489237
2185,387.33062600475466
2129,1221.900417298352
7657,411.8666757275074
10991,461.11024530155197
896,736.8311719660591
7937,288.88368415293144
2985,844.6446557900108
11809,704.0081953673374
13826,228.53444182448231
829,349.3918023658147
8374,896.257459680379
5484,549.6303195603019
1227,631.3273545354376
6212,196.46504377014153
7308,549.1340408954977
7444,466.68848795169913
6149,393.02434216244836
6811,404.43956643251545
10670,1145.5158345618593
3823,649.8692013731219
13508,359.14048634670263
4732,747.6248929095314
536,503.71180036500135
2914,257.5798354873883
4103,346.0170873010681
6992,2054.9188626778923
9911,437.3500973479903
4563,429.5550604047837
7615,472.69504518754485
8693,297.35659480748484
12868,396.08401871959927
9624,388.91707613188066
9925,410.91866193372914
8207,175.93504105559109
3636,357.05843322800513
1179,406.2730129224805
9413,535.4462396677874
9812,520.0131424281083
6085,773.4318937665032
6995,320.64798901062954
6261,1863.5371583968197
10187,428.82792965814826
2679,421.26152143857433
12930,283.1861273658895
11823,290.59879118126065
1044,459.0849298166008
6826,420.2497261461245
10216,985.1904562195879
3372,809.8574741277671
374,430.8058168241758
11351,401.3928240082181
7316,324.2291364911023
10984,1050.3186382279534
8964,345.8464663358942
13492,176.9826931437105
2151,362.73075689183275
3462,266.9903465038573
9835,795.1982557421583
5858,359.67523241824557
3129,1110.4452179411435
8639,317.4661290861538
6608,530.7225198346264
1492,289.1812737174033
11932,744.3576290628283
12858,702.7653303719928
9007,1030.0448976044368
20,420.1456192737914
8234,302.8428015795839
7748,869.0895385073933
5682,326.0639200713727
3252,934.7778017637943
4437,1008.4761670065889
12165,997.7366758627235
4615,294.4687888244299
7521,386.7226515110755
12904,1322.6990906808846
186,592.6192611436103
13934,228.7715834202238
3296,1530.433454220279
2391,432.3622917433782
8769,1199.0624721169029
8405,724.1866487426164
8401,257.94899364064
10727,713.1222510130649
5157,324.77716219480766
10497,181.38205659942264
2358,244.9879294539277
5564,349.3918023658147
9076,1063.3923091965878
2992,328.73305895751463
7785,1057.7110276621775
11242,503.313322557834
4194,761.0924491693187
1985,1224.238503626898
1471,276.8560941300395
5822,440.9820279793533
5949,528.6543734042589
12006,1048.9632172853374
11033,880.8638450787665
8872,611.8533816368089
12998,396.50793755136715
2716,414.334243812552
5538,311.9198825198725
11070,625.2987633587519
4829,566.3586551375014
10036,391.91176584425455
10330,394.560352741833
10723,986.0773742482278
11122,736.9943970099933
13466,693.3927717694298
8482,351.8353887865795
14050,490.4692786683008
8132,395.2094482756188
1237,383.0019797918127
5325,393.05969438586015
8050,180.6996495317648
8084,444.50323749353475
4203,1114.4299672784614
2320,1069.296167690183
677,826.9482570718358
3291,996.5841915776548
5166,862.6186982549099
4741,392.0733908396678
8145,450.14384227800105
922,444.08296728263224
12474,272.5179543646453
1183,829.6186803026435
13560,393.5393148832634
12816,769.5236309703735
3018,962.5635534119394
222,887.8754506416581
559,878.7917234184702
1328,374.1811033193411
9980,456.29680700429486
4404,911.0998367637712
3108,1070.949475199351
9451,294.66455412988137
13905,254.92101607630747
10708,363.3327193033022
2021,456.35334645984057
10421,443.34023193879176
7518,510.57818999996095
11899,365.2846274213731
13048,304.22990263627696
334,1010.7770409240719
6206,335.04250680127507
12069,723.4109476906411
6209,922.8903409179278
5959,593.0798528396776
851,425.3225335851873
5720,417.5338438302897
2792,393.3510179071142
12122,241.72881337311685
4085,385.79520081662434
8629,510.4379708738485
2335,630.3452175133557
4490,352.80803137596894
9352,511.86284461604873
10775,691.6315428101856
11755,391.03790645690196
10437,352.17407430569165
1666,478.2812624797045
12061,857.01534153128
8072,426.68059630744096
3547,449.8504319800625
3976,587.9404314409437
9643,253.9922450979006
9736,990.4822979317777
13731,235.91506538983836
725,770.9078797861638
12446,276.1955849913358
8615,612.6061552407577
4399,402.7120167307859
12750,232.99370621270805
13981,556.3437680906111
12408,592.3662663173316
10789,456.30973063918
8659,236.27327020631355
3839,812.4356797342566
4296,555.9704349928609
3821,855.2046647862112
448,1059.1360679756249
7809,1051.715115590661
1792,1425.6168397314723
9069,452.51308453797486
6158,431.92334634730753
9598,203.3614512457451
4326,388.5663463176637
3170,706.9504605884252
10807,548.6882425366327
7250,587.9758275453476
7992,332.2399645005118
10503,967.3212960948711
4979,262.7092536669085
945,865.6979933504133
8721,562.701552062701
10293,317.36210199892525
1548,273.3817174355683
684,298.3873541892618
3985,481.89009219260396
10722,924.5075430314946
7094,517.7760901539059
876,803.7702614931254
6998,1383.5237952178688
8529,367.86215881359504
9967,451.338582436479
8168,681.9776115590181
12472,226.86513077490625
1316,332.9252601219259
1881,1447.9476625256755
11051,300.2887538403521
2003,749.6654447898445
7709,385.78816023490987
4951,525.3276207909183
6887,833.7059561359441
3430,398.3717790046968
9086,448.17327917692035
915,466.3955910277798
8286,502.41037610638796
10646,945.162297871913
4686,443.8501380972775
10780,744.715634114633
3099,1757.7915915433182
3652,607.3253582025864
7913,327.29372986094825
7135,609.7450163889454
8063,215.85712790334796
7075,546.3528799164944
13714,729.9434357241792
4787,284.4575444223349
9968,632.8126763216579
10392,286.08524679541057
5246,1204.964733675219
13228,403.2352709867859
1627,476.85017504696486
12414,384.33858121554397
2586,327.688392747193
2413,206.61333107243325
1238,472.1486483853406
9934,252.33070223438585
6735,696.0284826089382
102,866.4296914721718
2681,404.7854250987621
1622,648.3187168226629
3426,344.18455111310004
12284,284.43483387295447
3860,314.4978309238139
8166,246.16045149855384
10906,1081.892689417563
1356,348.1844703387667
980,335.86718374216423
9748,192.8053095681315
5684,580.0640751922108
12752,186.28336284083912
14027,378.15968609376216
3818,1207.3197261093069
1489,253.79486717927023
13907,437.6003114929872
1098,1000.3091000237367
4171,337.926346303761
1019,398.11938250666924
1154,1233.773786473148
908,408.4349262465841
12696,1043.3467360925767
7306,417.7563189622201
1706,322.05670503176367
1324,359.28143485160933
12359,477.37469247029355
12587,562.2288445758784
4756,330.8837579270878
5968,605.0873675509928
8564,497.99372916118506
4095,408.599243193295
8036,268.13830774672243
7560,452.9418503749383
4126,409.9286717244424
8108,1207.1995976191224
8032,586.7999697988739
10364,426.4987309335513
7093,279.10145844440603
9034,1302.1797742227993
11553,339.3428486172496
4131,490.1921705150883
13477,347.21215457258097
13734,899.759953388313
1509,583.4892463819568
11829,352.8887230850094
8714,193.6171065168318
10649,554.1195878206756
5435,790.7863102227715
4239,344.5432999311801
1603,1046.5272425786302
322,314.14902950007144
8125,203.4032100484934
5666,1231.2768750108378
4802,1216.2280109974993
12643,1047.1875424838474
8700,302.3794108176567
6704,1154.6753972059373
10010,206.83861878588345
5422,560.2605924767026
4693,399.91284505807596
11238,240.04444090512465
5749,438.5594096473279
264,569.1171718874417
14091,760.2581884767604
3464,217.92767368452778
9376,149.33237837672027
7221,404.7693938032991
12365,349.9771518274181
3470,648.9162278342726
13115,415.0269891658916
5991,776.7687678986928
13484,465.0534829709377
4455,430.72462700762725
11111,408.46262328780983
5272,776.7927160715169
10773,530.1833068301235
13850,379.53030320934636
9241,1278.4290717563613
9809,218.2426915626901
13768,1076.4098940110152
9196,345.7124627712267
9594,1112.0476925760502
6358,1735.4372099067625
13191,753.7461851853235
8293,321.1971818001132
8522,442.3362650035501
7564,1313.7242636521096
2445,224.28891174607628
8944,338.59306760919503
3329,922.5079334940252
7891,1435.7059708082918
11053,661.6479820097607
12564,441.70700485253553
3423,393.1906217541729
11174,753.107910876977
7747,1178.1369163398301
7342,393.43879148721436
6884,840.1071519489641
968,208.33938346193716
1946,292.0477036298791
4915,879.0065476653006
3289,1619.9694455610331
96,432.93520364118154
10651,322.98061003266747
5665,1303.0518575522772
8369,332.3306028312073
220,413.1420352942141
3132,1079.122941911019
60,1079.0336514746336
13197,375.9594941386253
9432,238.68925274622924
12518,313.11209510473776
10485,795.6744408192169
6190,241.43874475143093
462,492.48766814089316
4769,902.276202428621
3795,258.0834428946803
11492,576.7559894061128
5596,600.9462971020774
8115,221.40727907509662
10326,390.8661369748547
9474,479.80572675813744
6968,924.4869475424797
399,458.48716127993225
13583,347.9055345492809
12458,472.3033992347463
6106,1317.1410079139098
4722,623.4530388262533
11660,245.21019854950765
10581,1154.6884244404625
13979,428.42790060943685
2309,346.1774279700427
9965,507.3226308647276
10060,361.34732462054615
6632,1258.1305222543633
331,604.1962201208217
1787,458.9468947953786
813,347.44943286176766
1979,510.7602043214021
11321,476.8311048402065
614,246.2002068973195
1283,507.15701508584664
8290,519.4478990709858
9005,2753.344273283075
2615,300.13985646323647
8258,338.04913169184056
3799,464.5224093803106
11804,217.5971591289686
6753,287.4569976914675
13743,213.36274572444415
10456,449.451908767321
13181,321.7468463865861
2406,907.5237263101183
10577,325.3753602482814
3910,886.2632682905269
3707,669.324400156843
7050,400.94552702870067
2030,367.44329306554926
13186,226.27701992033045
6334,956.8379341277233
6878,571.2864949603319
10105,504.347733622757
6868,359.38114827393963
9782,382.23202541255137
6936,636.1549549113946
8399,311.20101859865747
6562,314.8341055235512
5035,343.13362958157927
9210,277.91507009724063
9537,396.7054985938469
6577,788.380978112386
2752,475.0801025068536
8542,965.476318043647
3801,398.17224977168956
3060,323.45681903799505
11663,252.8219781486334
7460,746.3712758669233
1732,446.36170400859515
3541,509.04285740200856
12205,387.41552597215457
8992,339.02012347874046
1167,788.0849224201154
1452,379.9350467902018
7589,785.4032093546592
4251,1467.462147264967
9781,572.9874014792854
3080,367.094938907956
13163,380.8407173939406
1944,487.35922416177505
3121,551.0449203648367
5509,534.2472071911138
13509,915.5380801494618
1348,614.1430651695227
7585,395.99608181124063
6661,283.5464077997435
9629,464.6856082704791
1209,585.6268753105738
4922,443.5622602989851
425,244.86352557176068
555,379.09899224718635
1955,951.9767223140195
9298,429.8399462772962
8710,212.11756008415284
8937,368.1835328735493
4717,569.4963520761428
8362,1326.4088053660926
11073,651.6980772700316
13792,1463.3331828278463
5478,1235.8972923560912
12233,496.72229507225506
5454,365.3142972859623
13373,389.72127494823906
10243,381.09438792382656
6949,599.6098240114619
6453,304.11801655412455
574,997.7435437831957
9628,1479.1230406715165
13790,973.6358586497616
3091,455.77839917100346
5744,395.2934832486627
11634,271.2254092186109
2421,1135.1892266565312
7792,365.75792243256086
69,544.6181224970479
2349,341.80502249023584
2376,236.03497838676958
8813,400.55851290269715
2617,446.43201334889693
12888,339.9515409265876
1596,413.08015518191115
4903,324.2091649168824
7653,599.6999722712529
10242,1428.476574632951
12701,376.3798406191332
7249,338.5779413869575
246,165.94426128486015
3071,724.674170236991
3016,904.6645843583145
2900,242.677511751258
4004,469.15681146972776
4919,416.97278509077876
13189,385.84121004715917
674,313.87755312551934
4731,596.78838886052
4871,901.2049279745939
5020,164.03583712365634
9259,416.1864032909476
3861,2079.193660072773
13690,367.70398843639487
8918,357.0651216938957
13865,258.7789266253991
2478,593.1203473631928
3949,292.0177941242467
8493,340.2885979323571
8525,997.9841425277375
5951,828.7108607603963
2037,455.35069146551064
11188,323.5544608240717
12953,186.02695717184776
10451,358.8230636029908
13374,375.9594941386253
1428,402.20283139716037
2808,321.2622530443661
8484,560.2680311509705
6671,407.8060532358962
4949,551.5492160191372
1414,323.3589441007405
115,637.4638204529427
13574,845.7490968689184
13537,680.0124872095182
231,379.7120537821691
9738,1030.3150280692744
10597,425.9103637329096
4157,596.413343177519
1521,427.77689555445164
8455,471.31161948701475
215,592.6192611436103
5610,992.7626918757279
9350,388.9377040873839
3257,432.28711081598664
9194,1106.5269454717045
6437,379.50525766797915
2183,187.3036243122784
4329,388.5663463176637
13662,472.59834234140527
2806,1180.1506310342209
5643,990.1897517557807
8858,1129.9788479178965
2969,331.18796426517724
8541,740.982030050732
6197,383.90638843160866
6084,415.5159253089406
6828,461.0292009990303
8116,539.7565074439457
13076,885.871459062904
9635,268.4127361018822
9226,368.1835328735493
1499,688.8180461172973
5849,388.96732730027657
8954,833.8725389574109
3493,245.54141805448992
3442,726.2018774627267
7039,409.7690565914287
12538,510.79446609451537
2056,293.31018554832053
10778,740.2132185935263
2059,371.5806032561672
13753,340.4161130049061
10165,380.8957260082307
12966,349.46403477139194
13888,238.47644545055027
3693,299.53542989356316
8879,947.7930621509965
12614,440.2953595970936
8702,749.0467008420858
484,627.3658906567038
6293,656.5757392466793
6216,195.2516216534287
4408,609.7014795897455
7736,349.3918023658147
8747,698.7947657573593
11423,451.4878067927411
8573,1141.6031506449867
4210,400.2021768114991
13437,1061.3805404320701
3475,795.7642643360442
5690,395.5580596148556
3188,443.5454536734009
5268,1237.9746229207149
6111,1150.9411805482398
12766,550.341596159958
6578,272.8256227737075
4718,798.3530319184572
9936,275.65669881674086
11799,757.9878929746766
4360,956.6237821853263
1415,361.8667915084515
500,619.3203657074624
669,771.4580870524437
7725,385.78816023490987
12415,478.78519638495834
12106,719.3088505218037
3489,251.53235997679445
304,671.3903954387624
5837,687.0806219765426
1704,320.84516933803934
5023,574.3884483463236
5823,727.4614080133758
11687,447.1805532052395
7114,398.3866899718681
8532,351.44551250747895
10891,380.55390838837656
8524,1081.3945341926187
5279,392.0787296869229
11782,938.9004129893193
5129,494.91105278547457
4603,952.2736829799543
13118,1208.2208819051766
12901,882.1884144932732
5196,392.0733908396678
10299,1227.341250728527
9486,449.96450880215036
2454,214.706788142825
8777,408.2220370357247
1069,352.80803137596894
13542,1464.6830708422704
10913,1766.0109865325487
9267,392.9959278259643
554,457.32803661899106
4352,296.1717991041452
13159,276.34831982298374
13369,197.99388124886008
6163,323.41898771400764
6001,203.58291885757876
13330,210.4319567978337
7234,268.2788300949129
13538,1064.6581901002573
12286,254.67446043739974
12364,324.37748051926087
9271,445.6542167894134
13040,297.9977291983794
421,674.1845545862103
13916,313.9872989253239
9559,913.0440171702495
13786,599.4799472604111
1497,331.0692721368545
1048,761.177710848782
10941,359.50189397444893
8216,319.4014140428162
857,418.1135875937122
10267,459.64546532726763
3483,522.7375420073078
13533,232.2270033678627
10491,246.68781466564917
9919,372.2906017301522
10624,252.6110967861472
4955,536.0559030477048
6867,938.3557765251243
5853,1272.5068757374895
10171,1149.3502965154764
821,730.3488331430686
1644,935.1122745016446
12099,662.6514734422962
4217,722.4415981456461
108,528.2043740239154
368,727.7530103422995
8442,453.32145229176547
8138,494.822137027404
730,1129.457563992045
8268,1064.2029488256928
11602,384.5842354140243
5598,473.708390690807
7503,972.6491956837035
2389,661.6989892676886
5227,467.4782532423303
10432,267.37008742874855
7753,453.8290483713066
7066,261.9335954095649
9905,357.8999022218238
511,210.65388589644553
701,381.7199365208149
13738,386.0875316830463
10484,446.6833194025104
10644,581.107876929623
1278,523.2791376861665
3734,696.8667424405801
4817,770.3644388612387
40,637.4638204529427
1892,553.0348798003519
8763,943.4623440337941
4257,967.0617812852071
13562,316.02220741040577
3316,331.18529410770867
2508,344.7637104354746
13644,290.35156288537485
7599,502.24875545186654
1304,599.2057408513366
3102,396.0660676960484
13009,232.94122583469203
347,601.8909271643251
7378,1200.6775104259955
11903,667.4434328916587
475,403.77621976730916
12853,375.9965493984439
5872,894.7028570020801
12407,311.54388846545413
4448,403.10890829558633
10042,277.606378347509
323,377.0261179677187
4661,1212.2910889290854
12910,405.2166274251119
7640,695.4225127875841
13229,402.9040128972018
2817,552.0526274040068
4366,448.2647393365783
972,501.6765551268104
13321,575.3233024953632
3405,845.7490968689184
11661,382.4295714474256
8485,1122.645260398749
11655,369.49043566226425
12551,395.68994711093643
6062,701.2552519234376
1202,440.08398937846147
7269,373.86235937520945
9958,330.7785673393597
37,254.72525312336143
8953,658.3443397337538
12851,653.7181937412097
13732,324.40615233588875
5909,309.71695039138234
9571,280.0271851154752
4561,976.0724855005728
5710,172.76326754817464
4101,299.9273924476302
12100,394.08059552268276
11520,354.50297331728063
1289,317.0429109080068
13707,302.96250887691116
2401,778.3589021244014
13649,373.14734044916605
6000,174.6970904372111
12497,574.434260390141
1747,518.5757895156487
11234,1295.0564577890846
3853,1062.9798580426027
4076,355.58211678896066
5887,706.5951912909317
12671,684.1227151872736
9307,363.28227274121184
11217,329.89861409034813
13268,409.7394726537879
7335,835.9623850319324
6331,332.6246733851777
211,134.5621768299628
1951,482.818429606815
11191,1059.7380647507157
652,303.65837692022353
2207,341.20056272212366
1397,450.35240251582087
9797,293.42888266685776
4815,358.1262239194878
13901,409.12665947124765
1671,740.922869991611
2321,507.8350530088636
1953,767.0898017063469
3367,314.6512820576592
6622,709.7046965711294
13741,175.839578604835
10024,368.5486720488256
9122,205.4281014951116
12819,179.12153962754792
9547,180.61525768334505
485,225.78318324415244
3379,1137.4150238991047
899,486.38062707603626
1733,211.56671999251836
8444,405.22792886040844
11050,927.3434580352078
7389,1005.0643581959782
10130,504.20723275521607
12079,720.827268584839
1251,563.3883877365673
13108,501.8786511484981
2436,1387.6923500851365
4405,454.7743176965849
14025,345.4138053297882
11290,955.9574429029221
12502,430.7669048751248
4020,413.472762485123
2304,326.14484786400766
5703,508.88741727739665
583,717.378283233072
9405,468.3679100046246
719,421.0813389935108
5459,374.62426021496407
9773,1294.0840341580947
763,309.2120167126161
5170,252.49282378642886
1871,353.36052031054373
11832,813.8688108932677
5405,290.5433214040901
7196,758.8230548890718
739,610.6885516559797
10945,805.9071495792482
10356,1566.5164338006678
4130,397.6828836543572
13341,467.44478438670166
9793,665.9382013002925
7062,328.51575066897453
10240,404.44472788202575
5437,455.97005019621093
12525,826.3830992706788
9491,1346.5976279886484
751,340.04756394677725
13854,598.0099299851063
7220,428.24378135210446
6863,232.8317448892564
1840,285.87230988668387
4795,497.92294803007604
1276,315.4899591788153
2993,288.7815361185945
12224,175.460471319888
7243,713.4645650092234
3046,302.047961681001
4886,1018.4219676837757
8058,403.89509015740845
2265,565.8891648107508
6921,312.83263417843676
11545,253.1951239564485
12993,348.42211598540337
8818,260.10802421112675
12332,905.9595723725714
1370,359.28143485160933
741,472.69504518754485
3066,1324.3935246803094
11631,269.37679230063503
1189,1241.0713207568863
13082,1051.950240787625
5169,209.40266711427194
1571,274.79210674358853
8862,998.6258840324689
10686,397.34478923219547
2528,694.7902049308673
2128,1129.8204474784836
11169,332.2070133062475
6126,413.472762485123
12623,241.72881337311685
1982,303.21308986989874
11407,258.537907183926
7607,373.7501916412189
7880,797.638192818425
13445,382.7461167702842
2058,579.08374205192
9310,623.5742589205248
8263,729.130824394669
5770,455.41640949288865
11015,299.1495197314478
4591,626.5514344369411
10893,914.3902660690961
2880,778.967075582311
13898,307.09768886249634
2754,310.12008478701284
8723,329.5599556284593
2989,253.62682717956093
4375,1463.9912451392754
4093,313.57345012152086
13151,366.2987780736099
7299,475.304357229378
4220,391.8148691092312
563,536.1822722579589
8001,549.373313887817
11500,308.2200596109879
641,314.49109917835136
1670,613.4000535283335
12593,321.92337562297007
2408,679.4019879661602
11824,831.0333234017518
7174,298.69966420757964
8789,604.7061903921415
7632,314.3236944927672
3722,509.48612401738205
9363,845.0689912547605
13067,979.5720368971937
6652,1091.724740440543
10106,490.41350382189995
4557,911.5865225627466
9382,348.2309205271879
5829,371.188988025209
181,477.81370633904925
8613,381.6469853838492
6756,288.08026629942066
2219,310.3969170305242
10419,1211.610304897157
1956,273.6578780244467
1058,265.3265224249364
12586,831.3574832035138
13206,415.18317233089925
1400,346.74147647354147
13349,418.9263119205553
4948,320.758050511476
9910,436.3759455466146
5563,607.9656097164448
7387,467.3832381654264
4300,268.98243972917294
10620,320.4080407938431
11086,318.3832894839558
1211,792.7365418745624
11278,708.8395780127668
3394,661.3124801142576
2239,358.2440979014591
13976,239.97103712846297
10115,474.7888636397953
7225,515.7328491859173
12997,459.35017196747276
9050,544.9536120284638
4185,397.11310093748676
9759,720.5107813503425
6792,459.70353973961926
11366,458.2487949085018
11971,656.6630582503105
4702,1398.109538977779
5891,608.0624537896902
1435,566.387411908421
14088,265.30903180411485
93,887.8754506416581
7966,354.3127813683723
7079,205.28065016534072
3117,728.8811597664873
10347,326.8192909095367
5774,669.4149114050725
12520,301.25466965570206
5533,609.0300257956549
2778,296.6545500383548
12442,314.1602847507958
13348,425.213040200106
13833,322.32733040439746
3486,450.1722015847909
11343,282.44248873996474
13632,835.0381473316907
12129,683.9639855740248
3468,409.31609139247314
1085,160.9846360198305
13479,956.4904139616368
429,1024.967153582913
4458,323.71552727290515
5432,397.8466889400859
4270,433.5876539528964
9044,310.12008478701284
3648,1313.3553816161145
10714,547.787024875106
7551,1149.3502965154764
409,261.59190716834246
11461,274.07653742793786
1609,332.2399645005118
5156,314.75494404384716
6384,471.7365128668914
4904,236.17869444088177
4221,531.5378312974228
4316,1154.545499469618
12810,229.43344319162003
2755,412.80825769353595
10688,424.06588130246087
950,350.63719044391576
12680,259.38787573352914
10938,527.5284733115953
8489,453.4088621506038
11317,471.5595067468773
9442,380.0934480587317
11738,1008.3213951041445
5910,1070.03306169769
11758,410.06060613215277
6342,485.0227085480663
8385,973.8546340998859
1692,421.0813389935108
9587,313.9166453641581
1422,366.8090098148983
5560,481.4620433133312
9218,196.67873890630582
820,428.4323948446002
9876,376.7412995180657
4872,852.9115429024038
3456,332.2805301890104
14085,214.3306142562262
10557,351.5318808325954
11274,380.4708897657792
13935,228.7715834202238
4063,1046.3218842407366
1286,316.06280553655245
11031,1110.1482333518072
2928,526.0820821690432
11911,548.6882425366327
13240,1214.2092242017636
1092,843.4325355202233
4304,383.8666463778851
74,544.1269765302696
12724,1068.3502855990573
11291,267.53032859407244
10564,331.34206289588514
5986,350.86790646528084
5776,889.073585219378
292,383.98912389979375
13498,229.22127572080183
5047,1240.8609394548569
10745,812.9459960508593
5100,549.8133362469879
2090,445.7033258039929
6401,355.5529790683781
1802,398.06595058971624
12929,961.9138763049294
3972,391.14794094672374
3695,387.5537922890261
4668,545.244278190773
319,325.8607775309278
13312,415.470770088359
5221,396.4911381641773
13170,351.8643098254041
4343,331.30690871515594
1826,1097.9666390516184
10507,350.0388561327707
7912,524.6449325973
145,420.1456192737914
12124,207.31133367869768
12191,948.9612630789278
6907,833.7059561359441
11892,409.9322961259493
11488,570.9760801262321
9805,1457.2117913972622
11113,503.38942129231214
10766,432.45249947354273
1831,488.3403083379249
3981,459.70353973961926
86,592.6192611436103
8901,636.9723804107383
1220,429.6667936593266
13391,248.04143802944193
4505,154.47888810209218
2866,218.70401697843587
2997,298.3027094582361
4070,520.5064869394243
11118,329.79466656694217
11574,349.3170493755728
595,671.9031853522764
5184,406.28393172625016
10408,416.39550213574324
10953,317.5024502234957
11913,741.546874415208
8076,330.6133740619435
13683,1002.5854523425327
13224,1291.1387922409408
5329,296.76230876040063
62,963.4260965014441
6956,1408.197602459954
6602,323.36370435853365
4581,178.10214588375578
11536,236.39793679819013
7478,782.352749623247
11167,302.87806819638
11656,358.1836895246268
9203,345.7124627712267
10885,355.16029699972364
13998,1209.4612024971418
10019,207.84955203869123
5206,322.60081291800907
12404,373.87926985455516
959,482.3797436616748
4839,514.9336122971794
1514,393.6577494236871
2291,248.9835373912001
4218,1076.9433279831526
5310,478.255621221795
1480,407.2711900258179
7655,1395.0897024181681
13401,304.03211776884575
6339,655.7698442589332
4672,1093.3013544621722
10439,399.299232222336
2956,549.0075265706035
7143,570.6406230260392
9685,363.6591797595032
2981,660.837162059348
4334,1111.1755084403394
9003,983.5862288797374
13940,335.6725148148017
11196,1097.766541087961
10255,576.8558200018238
11888,419.14723472994154
6662,456.29680700429486
12743,560.2701512929069
11101,244.11352095911553
128,965.5996640740434
10732,176.9826931437105
5107,388.9377040873839
10616,440.6226386292959
3356,823.2092059643415
12107,364.4844303584015
6799,819.4721575397346
4232,302.42326482980235
12484,264.4991023014896
7108,282.1552836788397
6271,489.15435850134935
9351,805.205673258407
6150,530.575980392585
276,560.2902901672736
9610,805.2336825035961
13764,346.83178502681926
1273,597.0531046159722
12292,197.5464522221025
8441,417.94773994959166
13819,269.490972230978
7092,178.93610597573155
1898,658.0365284075532
12657,249.94634253830858
5426,339.4109581600474
7086,393.5162766817348
6073,339.4858832372274
13851,239.71872860701126
6857,283.9352275560589
11040,203.19929147254268
12698,393.0528900062468
2827,355.9577307997211
716,1346.6220584153511
12639,990.9537742749549
4601,339.2239048757298
1119,482.0300396384288
3709,819.7646674884863
3059,1008.3213951041445
9403,816.9727335627233
12556,376.6349334681335
4460,358.4487533499938
2317,317.10361549383515
5235,604.3191928939453
12402,241.12606684803163
11901,322.6710064864752
6922,351.18546662979924
10904,309.35891374734047
11909,383.8589628221856
8676,412.138320304977
11346,912.2717911258727
11020,376.38596171197486
12703,287.72602195784964
3012,691.6307466090359
8315,787.1092913299092
7459,263.8053430710548
9989,2209.66016930118
9309,509.16001938591063
1865,313.3122545656008
8396,1205.9170638213463
2996,523.8940264877657
12041,481.90355477950067
6474,299.83282810155595
12634,1142.9798406510834
13575,311.9917042384197
734,915.5065605856746
13932,228.7715834202238
9293,327.95175013967054
2458,257.1526942368291
7531,756.5738582802023
9113,989.1540677387644
11563,896.692565291091
12194,326.3517465081463
5750,744.5084565609922
12968,606.2615826881205
3551,207.58253070346063
9471,601.1880141649533
3711,315.4899591788153
7034,478.3030566326364
4119,518.4187331134639
7603,274.5319233800224
5834,333.0774620187198
4025,477.1627322451417
14064,869.9499018253388
4926,446.32732288392145
6336,880.6940753006592
9000,657.4928522337518
9463,628.721665790076
4356,281.9416688614595
12780,595.2901777206279
13320,482.1706779650674
3510,1055.901327525798
6876,1180.5510993906223
4078,240.8202753576484
11635,1311.7296103063795
12154,1008.1085361090006
5793,486.8172443342921
7304,1248.1406112078976
12161,373.21845236288846
10724,972.4580087662076
1794,789.6386229072879
1693,573.6898306727821
4258,663.037717688761
13204,373.87393285460615
6619,912.9330521506572
494,985.4715533982013
13709,767.3694870627468
158,438.65536396186707
9949,422.4659579581073
12338,340.4161130049061
6278,546.8810480122772
6385,460.74253370122597
12607,824.8563635026679
10997,1407.484713712519
2288,248.9835373912001
6729,290.32619639968846
3845,839.6854650465442
966,353.1149720529558
13736,231.73588920867334
11025,524.3585444720309
2253,807.9537393805012
8194,814.6131357316666
2579,344.04319845955644
439,429.0887279451399
3323,322.8112448769996
8222,131.9238454643221
1615,383.2988630518836
5654,622.0035623185443
3685,734.1153320224897
3753,497.0565970862267
12193,301.5989950649883
12185,160.0987937084233
13421,569.1955703734542
468,320.0375024423291
6873,1197.6056696157782
757,283.9933318715742
10968,272.47159016687016
4623,856.4039746714278
2689,944.7049793593338
1091,1024.1694383579643
12276,557.2838510795638
10241,680.9011142583335
11271,449.94374179485374
11625,362.0122394954412
7140,990.9956078408487
1375,247.2815545640605
5273,619.6653202875792
1863,495.4112687756193
8980,262.7092536669085
5130,305.73056841545014
3729,1112.2415862462171
11585,237.03427052860195
12320,142.688338517797
12702,1254.5747038553066
1879,318.2446942525323
13639,469.9005340379732
13443,297.21671247250345
8960,296.68026544447173
1120,532.194529810071
4485,457.32803661899106
12151,228.18435644842688
3955,555.699800371519
12732,1009.1829579941962
5548,373.7501916412189
11255,1058.15892436166
10510,630.5898557170209
13279,465.40987044926436
10802,334.05389575171796
12597,828.4423829484596
3077,230.08951269658894
1433,318.35786283542814
11558,278.8103725474793
10224,452.9559069733774
5358,548.9983064578396
5475,622.1824684190592
2175,290.91475702636393
3718,441.9396729283607
2103,1502.0342406220884
4148,577.159596842737
13514,754.1368934696562
2657,749.8644600657096
9234,395.2797625168162
1935,517.0227156355637
9248,310.87551883207334
2953,970.2585365168641
10073,414.44585440908656
5816,440.1027857121877
7853,551.263462291766
6502,285.7975128245567
9384,280.5435619930013
10063,993.2233656116131
10987,163.67440942893785
759,265.02412445587385
9574,631.8968701783621
830,319.78610847812365
3932,1055.8623748366288
7329,517.4598827043992
5810,344.5432999311801
5924,398.11938250666924
12294,469.5886719150329
2448,224.28891174607628
11038,623.4636454347482
9237,502.80083027155905
11607,358.1836895246268
8661,287.1801149231644
5557,244.3087206341029
10276,234.7227421449851
5590,607.2486893877564
11200,896.3875479656372
11157,257.8496771875409
4195,485.01331385009223
6007,863.0501152336643
11551,158.68542757363207
1460,504.7433502227504
6787,556.0463491968108
7541,675.3539608473544
6913,386.01026766799424
13622,394.4276809551899
7334,381.8365138422702
7260,253.08472496878935
3078,433.62231888954005
11397,285.88157289209903
6914,1047.6542499068387
2674,926.7377859816592
135,273.80891936890134
7801,942.7763071208535
13953,278.38123493680087
13211,236.52053079582132
2930,330.8837579270878
9704,1321.023152999284
3890,707.2745663260484
800,674.6300285128331
7933,380.5904249762669
8129,306.04637725428415
8905,552.5735932207133
428,254.54078881844413
11205,727.3166014875653
5373,726.7025203858708
7508,492.48766814089316
12599,739.7375567651759
7699,218.05346005211808
12619,179.8430941169744
5903,270.89769878068563
1256,764.728768711855
3276,332.27298430925555
6077,297.57539954960316
8627,233.12141592098922
4882,999.0231877828513
5419,245.7193440559051
11296,2088.6347727142556
2319,1069.296167690183
9920,414.4711097421355
5153,512.0465268289705
8974,1307.5130729783525
3038,988.9389440833571
4830,1436.4932009862675
9648,349.36182829185435
9181,408.4177848439014
4827,550.314649877046
10821,352.981177579367
8583,530.4141656298941
11966,473.2192003103376
6946,427.68273012599815
11469,493.51414858286114
3306,270.42303962864577
382,530.0312850969842
9743,689.120123945809
3528,347.58766600387645
2789,310.5405898595615
13754,400.09957906365474
1,269.7263783041812
6597,397.1465911241531
3061,769.0420025364344
4961,522.9513071326215
7733,338.8741298693955
3313,982.8948553871878
11900,328.4882732409891
13282,344.18455111310004
10244,369.07615890472164
7021,760.7401931539652
5406,385.5428306147351
5258,384.36578104255506
7977,187.8473937040281
9027,780.3126792363432
8726,382.41613462593875
13011,415.4410819708904
2019,568.2611713348884
6386,323.6137826824629
13696,363.295097639364
4954,424.7327726486448
6322,603.3028049272783
11141,388.1702642248607
7745,411.97387141670845
5051,454.7743176965849
12617,334.32701558922355
6376,1008.6362928296958
9282,429.8399462772962
5503,1071.1576988918773
13097,247.39025141026477
10147,404.5734423772729
4666,465.24174990949234
7400,411.8666757275074
3155,777.4454783980985
5614,598.2558752373237
217,196.46504377014153
5220,479.02671904750474
4630,215.80504273198343
7896,429.8399462772962
8537,331.61273885051963
3922,317.82643529714585
867,318.30607524719784
11666,305.38802708624473
44,557.7941315312755
18,298.7131506430171
12374,291.85932224573185
8584,1122.1821154690754
1884,388.5498562277395
3706,764.8848640283488
10155,1375.8443193525093
3708,850.3441313167672
12938,446.35730327495764
5146,728.2192541881387
8962,765.6512840854359
7887,312.7913916123308
11928,302.48843960468895
8481,706.7474201768981
3326,399.34243548879306
12725,400.4500838694369
9617,633.4543856058467
10977,1168.1003508876029
5848,2083.030531575525
13112,964.5428995399161
11185,427.212331196634
7954,444.68546742506265
13125,292.8899691717113
5844,424.92413726289783
260,384.0130507791425
9734,190.60556185462917
444,310.89803389541197
8655,365.75792243256086
6965,1027.8854752177185
9485,533.6966127712808
533,826.7118058565832
6919,309.0001342903844
11611,354.50297331728063
10382,1011.9361545883995
11361,215.3130720301934
13656,816.2571041275955
12004,839.8219724705276
12946,324.60465500342156
431,241.54183134993096
5679,396.50793755136715
4439,367.39911463150355
2329,1066.032836869265
9729,563.5990635199823
8825,422.8874023919896
578,503.0160865942961
13111,1319.5375738412297
7045,319.11233365533144
8178,436.96164601729714
5187,223.45470923643563
8067,310.10494408148617
13608,2091.739685940965
1699,520.7248704618228
762,486.32123465138795
12254,292.8979379916114
797,341.42970078515606
4752,440.9820279793533
9971,388.631336426359
7504,728.7690948888926
6174,1244.7928946780814
4383,226.81351121679145
12994,908.5604934750602
11772,634.3627758878345
11565,597.8223194650461
2547,517.876497435858
1942,1039.7307298570486
4082,385.29642398934897
14059,644.7786547329713
6557,374.8685759420479
6326,451.3994113347993
5438,320.51767154108535
3069,1018.6094851571868
10291,305.661559474284
5839,341.7469735671013
14028,869.9499018253388
7866,259.3221750645769
8760,510.0533597533078
10676,386.1255724137011
592,278.89361871730046
4788,798.676847157999
9252,429.8399462772962
3298,332.0528371479221
1042,429.96034476789697
6904,840.1071519489641
9020,279.23109064527347
2518,309.0189019357568
2222,411.97387141670845
7780,258.75638197632156
9256,1290.2915634389476
10096,448.00327295289793
6301,428.1259215167308
6504,267.1956230686673
12531,657.9038131084442
9212,257.38243063761
9396,1344.3664020701724
961,533.6410742688474
3590,394.49527893095785
6087,438.8144610074346
11433,311.4316975913301
3774,724.7102459074654
884,454.40968625865173
4547,670.21950060164
8299,316.9701415578806
10385,1352.428207576302
9346,1042.5931918931226
4685,670.3897387899882
7526,403.10801637563435
6780,1140.8737043491678
8815,323.4633448045622
11414,380.46044736894237
1836,460.23232210245243
6930,156.0667613712692
7361,439.19060277497204
3785,260.80673019102716
8371,207.48755151729225
12957,263.6812228665958
2451,456.6727920334276
12297,426.5080329914834
7437,458.7041469990048
11288,1016.1820249022246
5716,541.7296787795591
7173,314.1222575162952
12210,433.03222027322045
6943,1636.2988766260012
13394,938.4596415522309
1161,929.5426357688636
14105,1089.5617449341044
8977,1192.4997364109022
12400,991.5992068083475
11309,465.94955444998624
6211,361.6120324567947
2155,346.4327704828243
1459,604.6503777659145
1207,214.54880825421674
8345,343.9599619440833
11142,359.78329112374587
2743,527.0251971245684
8732,349.3383631345037
5045,508.3739418333188
12550,883.0354405628955
10565,353.9947403025036
13870,379.3379589997339
7895,260.19984122536084
4786,662.0582404667991
6168,400.9499521470299
1148,189.3914348587656
7071,251.58538200099687
13590,233.7039695553715
8414,313.87755312551934
3290,385.29642398934897
9480,542.2653034610738
12072,391.14794094672374
7800,324.5958431128926
1887,534.2553796134025
624,814.31024685722
6519,1010.7002889371519
1340,451.5255658978142
13947,197.14156631146903
8840,896.0499832663238
3324,325.6744017299568
4245,464.58534712853157
3081,315.08885246045196
12749,224.90324104868975
10733,176.9826931437105
1502,387.22545792854015
11975,1282.865399563236
3425,380.59524837468723
6785,510.1387729144366
3496,464.90180291578287
4090,976.2879995897614
10411,745.6743381891579
13725,265.4163886046677
13359,249.84648123951288
7975,362.7476801677981
6348,935.0514176391353
8367,442.19253102490467
11593,1062.7815168185957
7175,329.4982991868709
6320,414.334243812552
9239,596.7587343620341
11941,995.7502631830035
10877,577.1070915338423
8427,509.89622970755687
8162,412.8111797963728
11335,449.7998561407031
10157,531.6594642332798
11213,251.8643603717211
12740,160.0987937084233
6183,337.25024298680574
8611,269.42093222079166
3039,628.7525745360779
8243,1605.843175064389
8397,390.7528138182327
4476,725.3933070951637
5398,403.3718434284843
1473,404.8705540273592
13569,662.6478884247971
10412,668.7294369139084
9318,380.0805346532798
5713,327.09352291082814
3370,455.8972767566435
850,585.5963621320318
4864,902.0759270528432
3388,1243.0921806731858
6979,601.8522236976164
8984,472.1957468906082
10167,1021.0056128254608
2211,465.29124926851927
3563,248.94551991963752
579,851.8332371479138
11203,722.2125409783981
1512,346.0170873010681
6648,841.4144955018016
12647,357.75502318959315
3376,901.6234755301364
11677,716.2336221232896
11116,188.20815228832384
415,801.4854869617203
7302,408.2808871746303
11784,957.6373076536761
6179,247.58779848339645
5016,261.24868543862516
427,453.9035129511099
11294,600.4096582723664
622,375.81936442462114
2095,299.0460837461098
11039,297.7143970722956
8956,1062.8673202519415
6818,663.688308575775
2381,1195.1392513676828
7542,331.61273885051963
2341,385.30263083233325
4534,565.9069532040103
266,295.48407019349327
6102,287.3562540985662
9951,844.5686699395959
8833,535.1632024012964
10978,268.4912496800503
11728,296.45960895613774
5332,267.06863306074075
5814,484.4185319003499
14031,543.7694697180019
6700,472.1548142157161
5618,417.2281836040757
10150,293.6893343913191
8024,545.4847156709686
12440,279.1921965859783
2089,299.46647673638427
13605,307.32472999165117
2143,760.4108583401048
4631,536.6977635429167
10400,305.2298213384231
4478,480.487616642363
1083,607.4068560027576
1672,611.4977220683774
3422,201.94227883849942
3746,821.936990674457
12527,547.349123637035
3843,630.0604551781853
12956,304.08895392457157
10844,225.4705690807408
1504,468.8174308020453
9675,250.54567640663137
1972,231.73243472387955
5181,332.6168647107258
2609,320.46791887214204
8210,141.28387300222505
12590,505.51043845887637
8325,245.36271444879125
317,541.8608157702432
3747,648.8924164528171
695,876.0118684632291
13566,299.46647673638427
11987,272.9607384272077
6852,483.22690131776324
3586,499.08302431529825
6663,400.4855425602167
11978,1113.2948556401982
2967,761.4662561853023
4644,1287.5284631992013
12021,379.17752726891416
11559,274.7830859822031
7279,318.12855124278803
3095,473.0783638419766
2883,283.57184963071563
12885,325.3478504293948
3269,254.97183645331708
5350,936.4294397306533
12167,1167.9226596367926
10539,1089.8278421653708
13799,325.94743928147346
3245,238.7220007593999
11399,784.5202330593422
7040,770.15563044448
3101,559.5692892477979
7683,365.2249219257295
9016,314.49109917835136
11748,321.6231089531355
11259,574.434260390141
1464,490.22758659472964
3838,990.8493046841387
8577,809.6034846712795
377,390.44316322167333
9718,563.5990635199823
10718,417.8547369315569
2217,448.30987304347843
6730,869.8254082249664
12281,295.2575846481142
13399,315.9957532321676
8226,238.68925274622924
11867,1374.8332042275863
9607,824.0702034426214
3820,733.9279519341318
12874,373.4822022631433
10372,453.28396366795965
5532,254.99442037659657
12637,506.0858295884307
4140,324.5024965505109
3232,471.47721799532167
2393,362.5217415424501
9388,136.00720080041268
10939,363.6985857297616
2485,367.39911463150355
8388,253.65610911096545
12907,473.30846478548864
8218,425.82087273824357
8048,597.8223194650461
2047,459.62465244421327
5894,402.5769360927237
1255,406.0280767165216
953,533.2705581087037
8912,495.90650713924475
11087,1013.4687781321761
12682,205.0200204867321
5091,255.91807378559196
3167,317.21740944816764
2933,767.4520011104165
7803,380.5904249762669
3410,292.8720726641487
9576,312.5503664524166
1719,422.0328924139086
10796,366.86175264052395
10022,451.4878067927411
8296,674.3566349522856
13307,1268.92152789481
12532,410.81656190109874
10892,377.7629742147529
11284,472.31398363790635
6744,373.5821138016876
6596,440.029490707997
5376,349.7805343277479
6014,349.4507917497304
13817,312.6168822760202
2565,279.1194491934123
10621,358.7122985291953
7417,697.8128193497397
10896,350.52811930390504
1537,429.32923884271713
1057,1614.8763209892024
1147,386.4516193458975
10763,1109.7433105039984
1938,710.7684158191188
6178,419.6496498126376
1032,259.2420471982024
9439,269.8054107981641
8381,192.49341100617312
9940,1128.349697726797
10861,187.31633828244242
11992,252.49282378642886
6546,765.6234765688228
7862,600.4528852484209
7339,838.7481878929258
2544,381.5290119417276
97,1306.6186105069812
12712,227.48133517548465
13597,256.9600138692502
2475,399.40718208760853
2685,795.5152125033813
2523,309.5148885441846
2628,622.3752069714412
